DROP TABLE IF EXISTS blogposts;
DROP TABLE IF EXISTS comments;
DROP TABLE IF EXISTS authors;

CREATE TABLE blogposts (
	`id` INTEGER PRIMARY KEY,
	`title` VARCHAR(255),
	`content` TEXT,
	`date` DATE(255),
	`author_id` INTEGER,
	`numcomments` INTEGER
);

INSERT INTO blogposts VALUES (1, 'Vel voluptate eos eaque magnam possimus ullam ipsa corporis.', '<p>Non rerum ipsum iusto aliquid dolorem quis. Asperiores esse voluptate aut ad. Repellat doloremque aut ratione sed vitae corrupti aut aspernatur.</p><p>Ducimus velit quod consequuntur. Porro sunt facere vero ex tempora recusandae. Tempora voluptatem enim et magnam excepturi nihil.</p><p>Explicabo consequatur veritatis odit incidunt. Quibusdam accusamus enim natus suscipit.</p><p>Omnis iusto voluptatem nihil fuga voluptates. Illum assumenda suscipit quo et iusto a ut eos. Expedita ad eos optio quia debitis quia qui. Id aut dicta eligendi.</p><p>Non nobis explicabo quisquam harum id. Necessitatibus blanditiis asperiores totam sed aut omnis. Repellat voluptatem quia sed explicabo nulla et et ducimus. Sed quod eos asperiores.</p><p>Harum nihil quis recusandae sed voluptas sed error. Et dolores voluptate voluptatibus unde earum.</p>', '2013-03-07 18:22:25', 2, 0);
INSERT INTO blogposts VALUES (2, 'Ut et assumenda facere enim in pariatur quisquam aspernatur.', '<p>Ex fuga sunt provident fugiat voluptatem ut fuga ullam. Amet fugit iste hic blanditiis perferendis aut. Nemo nihil molestias alias.</p><p>Assumenda eos aliquam sed ipsa et voluptatem at. Et reprehenderit laboriosam quisquam minima. Rem doloribus iusto et repudiandae similique aut veniam. Impedit qui ipsa pariatur ea repudiandae.</p><p>Incidunt eaque accusamus facere quia libero sit. Maiores iusto autem corporis sint minus adipisci officia. Eligendi velit quae odit aut. Quaerat debitis in distinctio sunt amet reiciendis est.</p><p>Doloremque ipsam quidem non ipsa voluptatem veniam eos. Fugiat odit et facilis. Aliquam modi accusantium nam et ut doloremque laboriosam.</p><p>Nostrum enim dignissimos quia harum. Et perspiciatis tenetur sit minus quae. Aut ad et labore delectus sed laboriosam.</p>', '2013-03-07 03:53:07', 3, 2);
INSERT INTO blogposts VALUES (3, 'Ut placeat dignissimos vero magni qui soluta.', '<p>Sed qui minus perferendis et. Est numquam aperiam quasi doloribus et. Quo et quo quia provident aut minima libero voluptatem. Rem architecto modi ut id placeat animi.</p><p>Veniam eos qui molestiae doloremque. Odit id quia similique illum veritatis qui et. Voluptas velit iure voluptatibus rerum. Consectetur accusantium veniam tempora quo.</p><p>Ut sed sit in rem ea. Quia consequatur tenetur facilis quam maxime eum consequatur. Eum eum tenetur labore. Ab facere quia non.</p>', '2013-03-06 00:15:00', 1, 3);
INSERT INTO blogposts VALUES (4, 'Voluptatibus blanditiis qui laudantium consequuntur rerum.', '<p>Molestiae nemo reiciendis error doloribus aliquam provident. Qui occaecati rem est et suscipit qui qui. Ea eum vel ad quod consequatur sed nisi. Nostrum et dolor animi iste enim voluptas.</p><p>Voluptas magni non aliquam cumque. Incidunt ducimus fugiat officia praesentium officiis et. Est eos voluptas quasi aperiam. Nemo aut omnis illum vel et porro.</p><p>Eaque dolor beatae consequuntur optio distinctio pariatur. Assumenda qui autem delectus ratione dicta repellat sed. Laborum cumque modi iusto deserunt. Reprehenderit facilis est qui tempora molestias tempora delectus.</p><p>Eaque error quis voluptas rerum accusantium odit. Adipisci assumenda delectus aut adipisci. Natus ut sit eum in necessitatibus.</p><p>Quae nulla fugit quam similique labore nisi voluptatibus. Dignissimos beatae quo qui sit animi officia. Blanditiis possimus aut rerum libero dignissimos atque repellat consequuntur. Laboriosam et hic incidunt odio. Quis sint voluptatem sed blanditiis.</p>', '2013-03-03 20:13:20', 3, 2);
INSERT INTO blogposts VALUES (5, 'Magnam enim optio esse quis qui quia eum.', '<p>Veniam mollitia atque voluptas quod hic et repellat natus. Quis sit eligendi maiores eaque voluptatem laudantium ad. Et ab aut dignissimos quidem. Voluptas quo corporis occaecati labore rerum asperiores.</p><p>Nobis sed odio corrupti et velit et. Sed debitis atque necessitatibus quam quo qui. Quo eos quisquam dignissimos id laboriosam.</p><p>Inventore id repellendus corrupti temporibus ex et. Delectus autem delectus repellendus. Exercitationem eius explicabo nostrum aliquid dicta.</p><p>Dolores sunt repudiandae labore est adipisci consequuntur. Assumenda quos quisquam esse beatae. Quo omnis et non et alias nobis. Doloribus est voluptates laboriosam dolores.</p><p>Qui veniam deserunt distinctio. Fuga vel ut est aut voluptatem provident omnis. Earum quos aut ea qui quia. Cum pariatur minima sint vitae suscipit minus.</p><p>Vel aut odit et repellendus dolor. Temporibus odit eum aliquam odio molestiae consequatur. Rem eveniet animi repellendus commodi. Accusantium ullam aperiam eum doloribus saepe est. Exercitationem ea quis cumque et.</p>', '2013-02-08 09:02:00', 3, 0);
INSERT INTO blogposts VALUES (6, 'Voluptate consequatur numquam at est enim harum.', '<p>Quidem dolorum distinctio distinctio sequi aperiam. Aspernatur exercitationem voluptatem enim corrupti recusandae animi. Iste a id aliquid atque.</p><p>Animi id cumque ipsam distinctio impedit ut incidunt repellendus. Eligendi et et dolorem iure quod perferendis ratione. Quos sequi enim laboriosam qui impedit blanditiis.</p><p>Pariatur tempore iste maxime dolorum aspernatur et magni. Impedit voluptatem non reprehenderit quam et. Velit voluptatibus in excepturi quis. Sit vitae natus tempore cupiditate.</p>', '2013-02-12 14:43:28', 2, 3);
INSERT INTO blogposts VALUES (7, 'Velit at sit omnis delectus nisi sunt dolor ea enim.', '<p>Provident provident nam et qui aliquam. Quisquam consequuntur quos dolor autem repudiandae quaerat qui. Autem commodi officiis consequatur officia possimus voluptatibus. Veritatis laborum et inventore consequuntur perspiciatis nostrum ut.</p><p>Architecto rerum sapiente ullam aut ad temporibus voluptas. Qui soluta omnis et assumenda quod sunt ducimus. Sint porro eos nulla.</p><p>Itaque accusamus et impedit adipisci. Explicabo qui voluptate et ut repellat omnis tenetur consequatur. Totam enim et voluptate est. Excepturi fugit mollitia ipsa aperiam consequatur vero nisi.</p><p>Et est est dolorem et porro non repellat. Alias qui eum voluptate exercitationem aspernatur. Ab totam impedit dolorum quas consequuntur et.</p><p>Explicabo est veritatis voluptatem vero repudiandae. Tenetur eius quo doloribus optio. Nobis sed distinctio doloremque dolor quisquam. Sunt libero commodi saepe nobis tempore.</p>', '2013-02-12 22:35:53', 3, 4);
INSERT INTO blogposts VALUES (8, 'Dolorem sit non hic laborum adipisci.', '<p>Nobis ea similique excepturi deleniti laboriosam sed aliquam. Iure possimus fugiat optio adipisci voluptatem. Cupiditate cupiditate sit nesciunt non optio.</p><p>Fugiat repellendus qui saepe facilis dolorem nobis. Neque cumque harum esse occaecati corrupti numquam. Maxime ipsam et maiores optio. Voluptatibus quidem id fugit ut voluptatem reprehenderit consectetur at.</p><p>Sapiente corporis sit sit sequi reprehenderit tenetur at. Corporis et consequatur sint autem cum cumque. Fugit aspernatur veritatis at error.</p><p>Cupiditate provident odio asperiores architecto qui. Sunt voluptas sequi aperiam eius occaecati qui. Quisquam earum ut nisi dolores.</p><p>Sed ea soluta deleniti itaque. Porro qui quisquam et ipsum aut ea qui. Sequi nesciunt facilis quia enim ut corporis. Exercitationem asperiores quod corrupti quisquam.</p>', '2013-03-01 21:19:26', 1, 1);
INSERT INTO blogposts VALUES (9, 'Molestiae est a dolores facere at atque ea nobis aperiam recusandae explicabo praesentium fuga.', '<p>Ratione in quaerat commodi iusto aliquid enim. Consequatur veritatis enim est mollitia sed alias. Laborum ex perspiciatis placeat quisquam dolor accusantium.</p><p>Ut animi atque aut ipsum. Ipsam quis quis sit error unde ut. Et iusto laudantium aperiam hic molestiae eum.</p><p>Perspiciatis et quisquam culpa et numquam sed. Quo non ipsam necessitatibus velit adipisci. Omnis facilis fuga voluptates necessitatibus error voluptatum et.</p><p>Ullam voluptatem enim temporibus sapiente laborum sed culpa. Aspernatur sit voluptate dolores alias iure voluptatum. Porro voluptatibus sit qui et. Itaque voluptatem repudiandae dolores porro ipsa.</p>', '2013-02-09 03:10:22', 2, 0);
INSERT INTO blogposts VALUES (10, 'Exercitationem officia quidem molestiae et dolor doloremque laudantium aut.', '<p>Tenetur velit sequi cumque ut recusandae. Sint ut voluptas ipsum qui vel est.</p><p>Animi cumque sed enim. Voluptas nostrum et et fuga hic quia amet.</p><p>Ut odio doloremque mollitia sequi dolores ipsa repudiandae. At alias laboriosam et delectus quia soluta. Aliquid officia voluptatem mollitia itaque. Non et impedit veniam doloribus. Doloremque sit aspernatur ea sunt quidem.</p>', '2013-02-13 05:42:23', 3, 2);


CREATE TABLE comments (
	`id` INTEGER PRIMARY KEY,
	`blogpost_id` INTEGER,
	`content` TEXT,
	`date` DATE(255),
	`author` VARCHAR(255),
	`email` VARCHAR(255)
);

INSERT INTO comments VALUES (1, 10, '<p>Libero dolores dolorem enim aliquid. Praesentium temporibus amet consequatur itaque adipisci et tempora. Quia impedit est voluptatem corrupti et.</p><p>Dolorem vel asperiores officiis qui aut laudantium. A libero optio ratione dolore. Quasi sed nemo tempore dolores.</p><p>Id numquam eum assumenda eius impedit perspiciatis quo. Aut consequatur non enim hic nostrum rerum. Qui eum quae reiciendis sed cum quia atque. Odit quos modi qui omnis quo.</p><p>Ullam quis tenetur dolores ea et incidunt. Ducimus nulla qui reiciendis maiores sed maxime. Incidunt animi voluptatem velit laboriosam debitis aperiam. Enim nulla qui voluptatem velit vitae.</p><p>Voluptatum esse vel ut cumque nisi dolorem. Quidem odio ullam corrupti et est facere. Voluptate fugiat officiis ut reprehenderit non. Debitis pariatur error vel vero.</p>', '2013-02-12 09:45:52', 'Anne Welch', 'mazie50@gmail.com');
INSERT INTO comments VALUES (2, 2, '<p>Quam corporis dolorum laboriosam inventore ea fuga dignissimos. Ut ducimus dolor sapiente unde. Et eum rerum porro ut natus non nemo. Aut culpa quaerat autem accusamus quo qui.</p><p>Quasi aut quibusdam eius in nulla molestiae et. Dignissimos ex eos et optio. Praesentium et aut esse.</p><p>Voluptatem pariatur sit aut sit aut quaerat consequatur. Cumque quos odit magnam fugit. Aut consequatur ut rerum in veritatis.</p><p>Nihil consectetur asperiores debitis. Deserunt velit recusandae velit quo. Voluptatem voluptatem sapiente deserunt fugit. Dolorem provident consequatur ducimus libero.</p><p>Quod aspernatur corrupti suscipit quis quas. Corrupti aut culpa quae sed minus earum quia. Harum modi quia est ipsam distinctio. Rerum vitae iure rem nulla dolores.</p>', '2013-03-03 16:40:50', 'Shanny Howe III', 'bins.brianne@gmail.com');
INSERT INTO comments VALUES (3, 10, '<p>Voluptatum repudiandae sequi iusto eum ut impedit et. Quam sit et voluptates quia inventore inventore. Illo quis totam molestiae ut.</p><p>Labore quibusdam quia modi facilis vel quia impedit voluptas. Id molestias molestias sint enim possimus autem.</p><p>Nemo et quam tempora. Similique aspernatur blanditiis sed adipisci quis eligendi. Id est minima excepturi et quae iste. Accusamus soluta iste vel soluta.</p><p>Itaque ut culpa nostrum nihil cupiditate illo beatae et. Modi dignissimos dolorum fugit sint.</p>', '2013-02-17 14:49:01', 'Ellie Bergnaum', 'etoy@yahoo.com');
INSERT INTO comments VALUES (4, 3, '<p>Quasi est nisi necessitatibus. Dolore saepe ut doloribus. Officia aspernatur et perferendis sed.</p><p>Ex soluta molestiae dolores porro deserunt. Amet ut rerum nesciunt modi dolores ex neque atque. Nam ullam nihil aliquid distinctio. Perspiciatis unde voluptates ipsa.</p><p>Voluptatem qui cum ut aut cumque. A quis accusantium qui omnis. Minus commodi sit sint natus sint.</p>', '2013-02-14 01:43:41', 'Mr. Sven Price Jr.', 'uschaefer@hotmail.com');
INSERT INTO comments VALUES (5, 2, '<p>Facere incidunt necessitatibus excepturi facere. Sequi omnis autem commodi illum et. Corrupti ea doloremque magnam praesentium quia corrupti eos. Et laborum temporibus qui voluptate ut repudiandae porro.</p><p>Nihil commodi sit id perspiciatis nobis vitae. Ut assumenda ut cumque maiores recusandae dolores tempore. Eaque atque veritatis praesentium numquam quas molestiae nihil. Sunt omnis perspiciatis blanditiis doloribus quia minima dolore.</p><p>Rerum dolores dicta nisi sequi inventore cumque hic eligendi. Magni laborum officiis illum. Dolores eius vel cum hic. Explicabo inventore expedita inventore provident est ullam nobis.</p>', '2013-02-08 20:09:06', 'Alanna Moen', 'neil.schmidt@bauch.com');
INSERT INTO comments VALUES (6, 8, '<p>Dolores autem numquam corrupti sapiente cupiditate voluptates. Quasi ut et et alias quos ad ut nostrum. Tempore et et non quis soluta. Minus a est nulla sit. Nihil dolores architecto rem soluta quas architecto.</p><p>Debitis vitae consequatur dolore animi quia excepturi. Odio quia vero neque dicta mollitia soluta non. Id iure qui quasi aspernatur corporis.</p><p>Et ipsum architecto architecto sed magnam ipsa. Facilis non repellat sunt earum. Temporibus perspiciatis aliquam dolorum eveniet ipsum sunt.</p>', '2013-02-25 05:26:59', 'Beulah Quitzon', 'akeem65@yahoo.com');
INSERT INTO comments VALUES (7, 7, '<p>Quod aspernatur sunt cum qui aut. Animi et explicabo ea.</p><p>Cupiditate id eum eum in ab. Id sint quidem nostrum. Similique labore doloribus eos at.</p><p>Officiis non rem ea quia ut. Quis quaerat itaque voluptatem sed architecto. Voluptas ut libero nulla amet sit. Ipsum fugiat amet ullam illo eveniet. Inventore in quaerat ut corporis aut ex.</p><p>Accusantium debitis ea doloribus voluptas. Esse delectus inventore non voluptatem aspernatur. Placeat vel ex est dicta quas.</p>', '2013-02-24 13:46:07', 'Blanche Harris', 'madison.johnson@hotmail.com');
INSERT INTO comments VALUES (8, 7, '<p>Consectetur at autem sed ipsa minima. Dolores quasi eveniet dolores aliquid optio et dolores.</p><p>Quis dicta enim inventore minus eius quam enim. Aut aut voluptatem vitae et. Quia officia eum dolorum dolore facilis corporis ipsam.</p><p>Asperiores amet earum eos. Nihil eum voluptate cumque facilis facere voluptate.</p><p>Quia quas in ut eveniet et odio sed. Odit dicta consequuntur ipsum quas architecto et qui. Beatae sed consequuntur voluptate eum blanditiis nihil eos. Dolorem magnam tempora magnam quod deserunt.</p>', '2013-02-10 13:28:29', 'Elwin Yost V', 'green.lilliana@hotmail.com');
INSERT INTO comments VALUES (9, 4, '<p>Modi explicabo facere dolor quis quod omnis. Autem aspernatur consequatur et animi enim. Est repudiandae rerum commodi accusantium vitae. Itaque enim quibusdam reprehenderit debitis voluptas perspiciatis in. Veniam tenetur illo voluptatem.</p><p>Porro tempora repudiandae sed debitis consectetur possimus. Minus nesciunt id optio dicta et dolorem.</p><p>Distinctio deserunt non dolores at quo omnis explicabo. Facilis deserunt ab incidunt incidunt hic. Dolor rerum ut dolor maxime.</p>', '2013-02-19 05:04:07', 'Dr. Jaiden Legros', 'jasen92@yahoo.com');
INSERT INTO comments VALUES (10, 4, '<p>Debitis culpa amet facilis eos qui animi. Recusandae deleniti qui accusantium cupiditate quas cupiditate neque. Suscipit porro quod et quo. Neque delectus tempora quis quaerat.</p><p>Qui molestias quia repellat. Eos impedit vel voluptatem molestiae iusto. Asperiores nam deleniti ipsum unde ut iusto voluptatibus. Temporibus et sunt a modi reiciendis.</p><p>Sequi et voluptas officiis esse suscipit autem. Id expedita vitae id porro voluptas et. Molestiae odit ut vitae voluptatum. Autem voluptates fugit et quo nesciunt.</p>', '2013-02-25 07:08:33', 'Eldridge Block II', 'shany.stoltenberg@gmail.com');
INSERT INTO comments VALUES (11, 6, '<p>Voluptatibus ad id pariatur et voluptatem. Eveniet exercitationem natus quod recusandae voluptate inventore voluptatibus. Tempore distinctio in aut ducimus harum et incidunt. Voluptas inventore enim quo et sit facilis ipsum ipsum.</p><p>Voluptatem beatae rerum enim dolores velit reprehenderit consequatur. Explicabo in id laudantium velit illo corrupti ut. Deleniti laboriosam aperiam animi unde.</p><p>Quae in minima provident. A quos ut sunt veritatis qui at. Inventore expedita omnis id.</p><p>Rerum sunt qui odio blanditiis qui ipsam rerum quis. Delectus pariatur non nam exercitationem. Unde officia consequatur qui adipisci.</p><p>Sit necessitatibus voluptatem quia. Et voluptatem officiis est voluptatum nulla non. Nisi mollitia ullam consequatur praesentium. Veritatis nisi dignissimos magnam soluta dolor.</p><p>Et a ullam rerum nemo vitae. Error voluptatibus natus vel qui illum debitis nulla. Amet qui dolores voluptas aliquid.</p>', '2013-02-20 06:05:11', 'Mr. Dangelo Predovic PhD', 'conn.alford@gmail.com');
INSERT INTO comments VALUES (12, 3, '<p>Et quo maxime reprehenderit fugiat. Aut voluptas ipsa labore nemo. Hic eos eius et ut est qui.</p><p>Beatae iure dignissimos fuga similique explicabo necessitatibus quis. Pariatur officiis quibusdam molestiae placeat aspernatur. Odit soluta et architecto blanditiis deleniti molestias atque sit. Similique provident sunt qui maiores ut esse aut.</p><p>Sequi eveniet eum voluptas cumque dicta. Autem possimus deleniti officiis quos consequatur odit. Ea maxime quis nobis est et dolorem consectetur. Vel molestias exercitationem voluptatem quis nemo.</p><p>Aut alias natus delectus. Odit possimus cum ea ex explicabo eligendi cumque. Delectus debitis omnis quam qui.</p><p>Delectus voluptatibus quod totam dolorem adipisci nobis qui. Eos sint repudiandae excepturi culpa nisi quam perspiciatis. Suscipit blanditiis quis itaque veritatis. Placeat quia vitae nam rerum id et ea nihil.</p>', '2013-03-06 16:10:40', 'Darrick Towne', 'rolando.ondricka@beahan.com');
INSERT INTO comments VALUES (13, 3, '<p>Blanditiis a saepe enim dolorem quod sed. Aut beatae autem occaecati necessitatibus debitis. Occaecati accusantium aspernatur aliquam sit laboriosam in ut. Enim enim quaerat quasi dignissimos possimus.</p><p>Voluptatem officiis error iste qui nemo. Ratione dolorum pariatur eius ex tempora dolores. Aut vel mollitia vitae eum illum animi officiis.</p><p>Minima iusto molestiae impedit adipisci dicta. Aut officiis illo ipsum cupiditate sequi aut. Quas provident incidunt qui voluptatum error quisquam corrupti alias. Eligendi architecto voluptatem est minima quis enim.</p><p>Cupiditate inventore asperiores velit nemo cupiditate id voluptatem. Qui unde qui veritatis mollitia. Et cupiditate fugit ut quia necessitatibus sunt. Rerum sit sunt voluptas repellat architecto dignissimos ut eum.</p>', '2013-03-02 06:04:05', 'Mrs. Rebeka Schultz III', 'kristoffer.mclaughlin@white.com');
INSERT INTO comments VALUES (14, 7, '<p>Aut quia quo est nulla maxime harum. Corrupti rerum accusamus maxime dolorem quo. Ducimus perspiciatis ab iusto qui.</p><p>Voluptatem eum reiciendis ipsum sit fuga. Quod omnis repudiandae eaque sit dolores dolor corporis. Et consequatur exercitationem voluptas fuga placeat. Ratione rerum exercitationem esse a magni molestias necessitatibus.</p><p>Officia aliquid rerum nemo. Iure modi similique sint qui molestiae beatae fugiat. Sequi et doloremque atque nobis rerum.</p><p>Deserunt est consequatur maxime et. Repellat omnis qui alias eum rem molestias ea natus. At quo distinctio error et dolores qui fuga.</p><p>Fugiat tenetur est et quia cum. Rerum eos quam cupiditate fugit debitis doloribus qui. Autem repellendus nam doloribus. Fuga modi numquam sit maiores quas nulla quam.</p><p>Quia a consequatur aspernatur harum quo quia. Repellat quisquam quibusdam consequatur et placeat aspernatur vero. Expedita placeat voluptas magni sit facere.</p>', '2013-02-23 12:26:07', 'Emmalee Daniel PhD', 'kunze.jessyca@yahoo.com');
INSERT INTO comments VALUES (15, 7, '<p>Fuga rerum nihil veritatis voluptas. Voluptas voluptatem quod facilis fuga. Dolores distinctio in et commodi qui. Aut nobis vel esse neque soluta. At qui ratione at ut quasi.</p><p>Tempora omnis consequuntur qui. Aliquid et a eius quis. Soluta est doloremque omnis quam officia pariatur et.</p><p>Perferendis maiores velit repellendus blanditiis tenetur saepe autem. Quos voluptate omnis est nemo veniam. Velit veniam sit vel ducimus. Occaecati sunt dolorum modi consequatur molestias. Nostrum voluptate quia quia.</p>', '2013-02-15 23:14:54', 'Ebony Effertz', 'marks.geovanni@boehm.com');
INSERT INTO comments VALUES (16, 6, '<p>Eligendi quia recusandae dolores ipsum. Deserunt optio tempora vel expedita. Voluptatum quia commodi quia quasi repellat.</p><p>Facere voluptas quod inventore quam. Est enim ut repellat atque odit. Enim dolor voluptatem est. Quod et et voluptatum enim.</p><p>Est vel totam adipisci reiciendis et in. Beatae et et et debitis iure vel quod. Fugiat voluptas voluptatibus omnis tenetur. Modi qui rerum similique et beatae ab inventore voluptas.</p><p>Qui quod et laboriosam dolores repellendus. Occaecati harum quia labore. Nihil ut ad excepturi harum. Eos dolor ullam aut. Commodi non adipisci totam similique expedita ut.</p><p>Qui cupiditate sed voluptatem corporis. Voluptates reprehenderit dolore quisquam magni. Libero sed officiis delectus eum. Quia autem laudantium qui amet voluptatum dolores.</p>', '2013-02-25 07:35:23', 'Paolo Ankunding', 'rau.rae@yahoo.com');
INSERT INTO comments VALUES (17, 6, '<p>Occaecati ea sed aut natus deleniti veritatis. Vel dolores et aut vero et sed. Alias alias nulla quia corporis mollitia consequatur. Et sapiente quas maxime non tempore quis aut.</p><p>Pariatur vitae atque cum quos reprehenderit ut. Vel eum porro earum vitae. Quae incidunt repellendus enim blanditiis.</p><p>Maiores ad qui labore non ut deleniti consectetur dignissimos. Quia ipsam earum dolorem esse. Optio commodi perspiciatis asperiores minus.</p><p>Quis quod voluptatem expedita. Esse iure a sit. Quis cumque debitis reprehenderit sed neque dolore.</p><p>Consequuntur quae consequuntur omnis est et quidem enim. Occaecati expedita praesentium dolorem dolores et et. Earum provident velit quisquam tempore culpa. Sint eos numquam consequatur consequatur.</p><p>Vitae nam numquam et quod facere explicabo eos tempora. Cumque optio sequi architecto qui. Voluptatem dolores aut laudantium beatae.</p>', '2013-02-21 23:19:53', 'Chelsie Gottlieb I', 'douglas.davis@yahoo.com');


CREATE TABLE authors (
	`id` INTEGER PRIMARY KEY,
	`firstname` VARCHAR(255),
	`lastname` VARCHAR(255),
	`email` VARCHAR(255),
	`website` VARCHAR(255),
	`location` VARCHAR(255),
	`password` VARCHAR(255)
);

INSERT INTO authors VALUES (1, 'Bramus', 'Van Damme', 'bramus.vandamme@kahosl.be', 'http://www.bram.us/', 'Vinkt, Belgium', '$1$ikr/pd3F$ioj.iteh09cuxcj/6LClx/');
INSERT INTO authors VALUES (2, 'Davy', 'De Winne', 'davy.dewinne@kahosl.be', 'http://www.davydewinne.be/', 'Schellebelle, Belgium', '$1$Tmppgmf6$treNaN/WSBGJ3OuzrLOd.0');
INSERT INTO authors VALUES (3, 'Kevin', 'Picalausa', 'kevin.picalausa@kahosl.be', null, 'Gent, Belgium', '$1$6s4sG.Ol$XNxeu/0kVxhkHQvNBHLpP0');
